"ja","en","vi"
"どのように新国立競技場に行けますか?","How to go to New National Stadium?","Đi đến nhà thi đấu quốc gia mới bằng cách nào nhỉ?"
"あそこに{0}で行けますか?","Can I go there by {0}?","Tôi có thể thi đến đó bằng {0} không?"
"チェックインをお願いします。名前は{0}です。","I'd like to check in. My name is {0}.","Tôi muốn kiểm tra trong. Tên tôi là {0}."
"これが予約確認書です。","This is a confirmation slip.","Đây là một phiếu xác nhận."
"予約してません。空いている部屋はありますか？","I have no reservation. Do you have a room available?","Tôi không có đặt phòng. Bạn đã có một phòng có sẵn?"
"シングル１部屋で、２泊です。","One single room for 2 nights.","Một phòng đơn cho 2 đêm."
"ダブルルーム１部屋で１泊です。","One double room for 1 night.","Một phòng đôi cho 1 đêm."
"ツインルーム１部屋で３泊です。","One twin room for 3 nights.","Một phòng đôi cho 3 đêm."
"バスルーム/シャワーつきの部屋ですか？","Is this room with a bath / shower?","Căn phòng này có một bồn tắm / vòi sen?"
"ご予約頂いている{0}様ですね。","Mr (Ms){0}. Yes, we have your reservation.","Ông (Bà) {0}. Có, chúng tôi có đặt phòng của bạn."
"空いている部屋はございます。どうぞ、お泊まり下さい。","We have a room available. We can provide a room for you.","Chúng tôi có một phòng có sẵn. Chúng tôi có thể cung cấp một chỗ cho bạn."
"あいにく、空いている部屋はございません。","Unfortunately, we have no rooms available.","Thật không may, chúng tôi không có phòng có sẵn."
"こちらのフォームにご記入下さい。","Please fill out this form.","Xin vui lòng điền vào mẫu này."
"お支払はクレジットカードですか？","Will you make payment by credit card?","bạn sẽ thực hiện thanh toán bằng thẻ tín dụng?"
"では、クレジットカードをお願い致します。","OK, can I have your credit card, please.","OK, tôi có thể có thẻ tín dụng của bạn, xin vui lòng."
"有難うございました。（カードを返す。）","Thank you very much. (returning the credit card.)","Cảm ơn nhiều. (Trở về thẻ tín dụng.)"
"料金は前払いとなっております。{0}ドルをお願い致します。","We may ask you for a prepayment. The amount is {0} Dollars.","Chúng tôi có thể yêu cầu bạn phải thanh toán trước. Số tiền là {0} Dollars."
"有難うございました。こちらが領収書です。","Thank you very much. This is the receipt.","Cảm ơn nhiều. Đây là nhận."
"お部屋の番号は{0}になります。こちらが鍵です。","Your room number is {0}. This is the room key.","Số phòng của bạn là {0}. Đây là chìa khóa phòng."
"お部屋は２階です。","Your room is on second floor.","Căn phòng của bạn là trên tầng hai."
"お部屋は３階です。","Your room in on third floor.","Căn phòng của bạn ở trên tầng ba."
"今、係りの者がお部屋までご案内いたします。","Please wait one minute. We will take you to the room now.","Xin chờ một phút. Chúng tôi sẽ đưa bạn đến phòng bây giờ."
"外出の際は、鍵をフロントにお預け下さい。","Please leave your key at the front desk when you go out.","Xin hãy để lại chìa khóa của bạn ở quầy lễ tân khi bạn đi ra ngoài."
"朝食はカフェテリアでお取り頂けます。","You can have breakfast at the cafeteria.","Bạn có thể ăn sáng tại quán cà phê."
"朝食は料金に含まれています。","Breakfast is included in the room rate.","Bữa sáng được bao gồm trong giá phòng."
"カフェテリアは１階、あちらにございます。 (方向を手で示しながら。）","The cafeteria is on the ground (first) floor. It is over there. (pointing in the direction)","Các quán ăn trên mặt đất (lần đầu tiên) sàn. Nó ở ngoài kia. (Chỉ trong chỉ đạo)"
"夕食は近くのレストラン、または当ホテル１階のレストランをご利用下さい。","You can enjoy dinner at a restaurant nearby or the restaurant on the first floor of our hotel.","Bạn có thể thưởng thức bữa tối tại một nhà hàng gần đó hoặc các nhà hàng trên tầng đầu tiên của khách sạn chúng tôi."
"何かご要望がございましたら、フロントにお申し付け下さい。","If you have any requests, please call to our front desk.","Nếu bạn có bất cứ yêu cầu, xin vui lòng gọi đến quầy lễ tân của chúng tôi."
"チェックアウトは{0}時までにお願いします。","Please check out by {0} o'clock.","Xin hãy kiểm tra bởi {0} giờ."
"ご滞在をお楽しみ下さい。","Enjoy your stay.","Tận hưởng kì nghỉ của bạn."
"今から部屋を使えますか？","Can I use the room now?","Tôi có thể sử dụng phòng bây giờ?"
"荷物を部屋に運んでもらえますか？","Can I ask you to bring my baggage to my room?","Tôi có thể yêu cầu bạn mang hành lý của tôi đến phòng của tôi?"
"荷物を預かってもらえますか？","Can I leave my baggage at your hotel?","Tôi có thể rời khỏi hành lý của tôi tại khách sạn của bạn?"
"預かって頂いていた荷物をお願いします。名前は{0}です。","Can I have my baggage that I asked you to keep? My name is {0}.","Tôi có thể có hành lý của tôi rằng tôi yêu cầu bạn giữ? Tên tôi là {0}."
"（今から外出します。）鍵を預かって下さい。","(I will go out now.) Please keep my key, thanks.","(Tôi sẽ đi ra ngay bây giờ.) Xin vui lòng giữ chìa khóa của tôi, cảm ơn."
"かしこまりました。","Certainly.","Chắc chắn."
"（外出から帰り、）鍵を下さい。部屋の番号は{0}です。","(Coming back to the hotel) Can I have my key? My room number is {0}.","(Trở lại khách sạn) Tôi có thể có chìa khóa của tôi? Số phòng của tôi là {0}."
"どうぞ、こちらです。","Here's your key.","Đây là chìa khóa của bạn."
"タクシーを呼んでもらえますか？","Would you call me a taxi please?","bạn sẽ gọi cho tôi một xe taxi xin vui lòng?"
"かしこまりました。  ただ今、手配しましたので、ロビーでお待ち下さい。 {0}様、タクシーが参りました。","Certainly. I have arranged a taxi for you.  Please wait in the lobby.  Mr.{0}. The taxi has arrived.","Chắc chắn. Tôi đã sắp xếp một xe taxi cho bạn. Xin vui lòng chờ trong sảnh. Ông {0}. Chiếc taxi đã đến."
"カギを部屋の中に置いたまま、ドアを閉めてしまいました。","I have locked myself out.","Tôi đã tự nhốt mình ra."
"ツアーの手配をお願いできますか？このツアーに参加したいんです。（ホテルにあったパンフレットを見せる。）","Can I ask you to arrange this tour for me? (Showing an ad provided at the hotel)","Tôi có thể yêu cầu bạn sắp xếp các tour du lịch này cho tôi? (Hiển thị quảng cáo cung cấp tại khách sạn)"
"ファクシミリはありますか？","Do you have a facsimile?","Bạn đã có một bản fax?"
"インターネットが使えるコンピュータはありますか？","Do you have public access computers with Internet connection?","Bạn có máy tính truy cập công cộng với kết nối Internet?"
"今夜、戻るのが遅くなります。","I'll be back late tonight.","Tôi sẽ trở lại vào cuối đêm nay."
"表のドアは何時に締まりますか？","What time do you close the front door?","thời gian làm những gì bạn đóng cửa trước?"
"この近くにおすすめのレストランありませんか？","Do you have any suggestions for good restaurants in the area?","Bạn có bất cứ lời đề nghị cho các nhà hàng tốt trong khu vực?"
"明日朝、モーニングコールを{0}時にお願いします。部屋番号{1}の{2}です。","Can I ask you for a wakeup call at {0} am tomorrow morning? My name is {1}, room number is {2}.","Tôi có thể yêu cầu bạn cho một cuộc gọi wakeup tại {0} am sáng ngày mai? Tên tôi là {1}, số phòng là {2}."
"洗濯をお願いします。","Can I ask you to do my laundry?","Tôi có thể yêu cầu bạn làm giặt của tôi không?"
"仕上りはいつになりますか？","When will it be ready?","Khi nào thì nó sẽ sẵn sàng?"
"コインランドリーはありますか？","Do you have coinoperated laundry machines?","Bạn đã coinoperated máy giặt?"
"チェックアウトお願いします。","I want to check out please.","Tôi muốn kiểm tra xin vui lòng."
"有難うございます。少々お待ち下さい。","Thank you very much. Just a moment please.","Cảm ơn nhiều. Vui lòng đợi một chút."
"料金は{0}ドルとなります。 明細書はこちらです。","Your bill is {0}dollars. This is the bill statement.","hóa đơn của bạn là {0} USD. Đây là tuyên bố dự luật."
"料金に計算違いがある様なんですが。","I think there is a mistake in the calculation of my bill.","Tôi nghĩ rằng đó là một sai lầm trong tính toán của hóa đơn của tôi."
"これは何の料金ですか？（明細を見せながら）","What is this charge for? (showing the statement.)","khoản phí này là gì? (Hiển thị các báo cáo.)"
"電話は使いませんでしたよ。","I didn't make any phone calls.","Tôi đã không thực hiện bất kỳ cuộc gọi điện thoại."
"映画は見ていないです。","I didn't watch any movies.","Tôi không xem bất kỳ phim."
"ミニバーのコーラをお飲みになりましたので、その料金です。","You had a coke from the mini bar. This is fee.","Bạn đã có một cốc từ các quán bar nhỏ. Đây là lệ phí."
"それでは、こちらにサインをお願いします。","Please put your signature here, thanks.","Hãy đặt chữ ký của bạn ở đây, cảm ơn."
"預けていた貴重品を出してください。","I'd like my valuables back.","Tôi muốn lấy lại đồ trang sức của tôi."
"かしこまりました。こちらです。","Certainly. Here you are.","Chắc chắn. Của bạn đây."
"ご利用誠に有難うございました。","Thank you very much for your stay.","Cảm ơn bạn rất nhiều cho kỳ nghỉ của bạn."
"私/私達にとって良い滞在となりました。お世話になりました。","I/We enjoyed my/our stay. Thank you very much.","I / Chúng tôi rất thích của tôi / chúng tôi ở lại. Cảm ơn nhiều."
"靴は玄関でお脱ぎ下さい。","Please take your shoes off at the entrance.","Hãy đi giày của bạn ra tại lối vào."
"建物内ではスリッパをご利用下さい。","Please put these slippers on while walking inside the building.","Hãy đặt những dép vào trong khi đi bộ bên trong tòa nhà."
"室内では靴をお脱ぎください。","Please take your shoes off before you go inside your room.","Hãy đi giày của bạn trước khi bạn đi vào trong phòng của bạn."
"スリッパで畳の部屋に入らないで下さい。","Please don't step on the tatami floor with your slippers on.","Xin đừng bước trên sàn tatami với dép đi trong nhà của bạn trên."
"ポットとお茶がお部屋に用意してあります。ご自由にお飲み下さい。","A tea serving set and a thermos with hot water are provided in your room. Please enjoy tea anytime.","Một trà Việc phân phối thiết và một bình nước nóng được cung cấp trong phòng. Hãy thưởng thức trà bất cứ lúc nào."
"大浴場はここにあります。（略図を見せながら。）","Daiyokujou (big bath room) is here. (Showing a small map of the building.)","Daiyokujou (phòng tắm lớn) là ở đây. (Hiển thị bản đồ nhỏ của tòa nhà.)"
"男湯と女湯に分かれています。入る前にご注意下さい。","Daiyokujou (big bath room) for men and women are separated. Please be careful when you go inside the bath room.","Daiyokujou (phòng tắm lớn) dành cho nam giới và phụ nữ được tách ra. Hãy cẩn thận khi bạn đi vào bên trong phòng tắm."
"女湯のマークはこれです。男湯のマークはこれです。（マーク（漢字）を見せながら）","This symbol is for the bath for women and this symbol is for men. (Showing the symbols)","Biểu tượng này là dành cho tắm cho phụ nữ và biểu tượng này là dành cho nam giới. (Hiển thị các ký tự)"
"浴槽の詮は抜かないで下さいね。","Please don't pull out the drain plug of the bath tub.","Xin đừng kéo ra nút xả của bồn tắm."
"浴衣は室内着、またはパジャマとしてご利用下さい。","You can wear Yukata for pajamas or as a robe.","Bạn có thể mặc Yukata cho pajama hay như một chiếc áo choàng."
"浴衣姿で部屋の外を歩いてもかもいません。","You can go out of your room wearing Yukata.","Bạn có thể đi ra khỏi phòng mặc Yukata."
"浴衣姿で夕食をお目し上がりになってもかまいません。","You can have dinner wearing Yukata if you like.","Bạn có thể ăn cơm mặc Yukata nếu bạn muốn."
"入浴後、浴衣を着用頂けます。","After taking the bath, you can put on Yukata.","Sau khi dùng bồn tắm, bạn có thể đặt trên Yukata."
"大浴場に行く時は部屋のバスタオルとタオルを持参して下さい。","Please bring the bath towel and the hand towel in your room when you go to Daiyokujou (big bath room).","Vui lòng mang theo khăn tắm và khăn tay trong phòng của bạn khi bạn đi đến Daiyokujou (phòng tắm lớn)."
"大浴場にシャンプー、リンス、せっけんはあります。","In the Daiyokujou (big bath room), shampoo, hair conditioner and soap are provided.","Trong Daiyokujou (phòng tắm lớn), dầu gội đầu, dầu xả và xà phòng được cung cấp."
"浴槽に、タオルを入れないで下さい。","Please don't put the hand towel into the bath tub.","Xin đừng đưa chiếc khăn tay vào bồn tắm."
"浴槽には身体を洗ってから入ります。","You are only to go inside the bath tub after you washed your body, please.","Bạn đang chỉ vào bên trong bồn tắm sau khi bạn rửa sạch cơ thể của bạn, xin vui lòng."
"大浴場の脱衣所には貴重品を持って行かない様にしてください。","It is better not to bring precious belongings to the changing (dressing) room of Daiyokujou (big bath room).","Nó là tốt hơn để không mang đồ đạc quý giá cho sự thay đổi (mặc quần áo) phòng của Daiyokujou (phòng tắm lớn)."
"トイレのスリッパで室内は歩かないで下さい。","Please do not walk in your room in the slippers from the toilet room.","Xin đừng bước vào phòng của bạn ở dép đi trong nhà từ phòng vệ sinh."
"夕飯は{0}時にお部屋にお持ちします。","We will bring your dinner to your room at {0}.","Chúng tôi sẽ mang lại cho bữa tối của bạn để phòng của bạn tại {0}."
"お食事はお済ですか？お下げしてよろしいでしょうか。","Are you finished? Can I take the dishes away?","bạn đã kết thúc? Tôi có thể dùng các món ăn đi?"
"夕飯は{0}時にご用意いたします。時間になりましたら、食堂までお越し下さい。","Dinner will be ready at {0}. Please come to the cafeteria at that time.","Ăn tối sẽ sẵn sàng tại {0}. Hãy đến với các quán cà phê tại thời điểm đó."
"夜、お布団を敷きにまいります。","We will come to your room to prepare the futons.","Chúng tôi sẽ đến phòng của bạn để chuẩn bị futons."
"失礼します、お布団を敷きいたします。","May I come in? I have come to lay out your futons for you.","Tôi có thể vào được không? Tôi đã đến để đặt ra futons cho bạn."
"明日の朝は{0}時にお布団を上げに参ります。","We will come to fold up the futons at {0} tomorrow morning.","Chúng tôi sẽ đến để gấp lên futons tại {0} vào sáng ngày mai."
"おはようございます、お布団を上げに参りました。","Good morning. I am here to fold up the futons.","Chào buổi sáng. Tôi ở đây để gấp lên futons."
"今日は快晴で、ご旅行に最高ですね！","It's so sunny today. Perfect for traveling, isn't it!","Thật nắng ngày hôm nay. Hoàn hảo cho đi du lịch, không phải là nó!"
"良いご旅行を！","Have a nice trip!","Có một chuyến đi tốt đẹp!"
"当旅館へのまたのお越しをお待ちしております。","We hope you enjoy your stay at our Ryokan again.","Chúng tôi hy vọng bạn tận hưởng kì nghỉ ở Ryokan của chúng tôi một lần nữa."
"（電話に出る） はい、ABCホテルでございます。","Hello, ABC hotel, how may I help you?","Xin chào, khách sạn ABC, làm thế nào có thể tôi giúp bạn?"
"もしもし、そちらに宿泊されているゲストの方と連絡を取りたいのですが、お願いできますでしょうか。","Hello? I'd like to contact a guest staying at your hotel. Would you please help me?","Chào bạn? Tôi muốn liên hệ với khách lưu trú tại khách sạn của bạn. bạn sẽ vui lòng giúp tôi?"
"承知しました。そちら様のお名前と呼び出すお客様のお名前をお教え下さい。","Certainly. Could you tell me your name and the name of the guest you'd like to contact ?","Chắc chắn. Ông có thể cho tôi biết tên của bạn và tên của khách hàng bạn muốn liên hệ?"
"ジョン・スミス氏をお願いします。私の名前は鈴木花子です。","I'd like to talk to Mr. John Smith. My name is Hanako Suzuki.","Tôi muốn nói chuyện với ông John Smith. Tên tôi là Hanako Suzuki."
"では、お呼びしてみますので少々お待ち下さい。","OK. Please hold the line.","ĐƯỢC. Xin hãy giữ máy."
"もしもしスミス様でございますか。鈴木花子さまという方からお電話が入っております。おつなぎして宜しいでしょうか。","Hello, Mr.Smith? You have a phone call from Hanako, calling from Tokyo. Will you accept this call?","Xin chào, Mr.Smith? Bạn có một cuộc gọi điện thoại từ Hanako, gọi từ Tokyo. Bạn có chấp nhận cuộc gọi này?"
"（スミス氏）はい、お願いします。","Yes, please. Thank you very much.","Vâng làm ơn. Cảm ơn nhiều."
"お待たせしました。残念ながら外出中の様です。戻られましたら電話があった事をお伝えしましょうか？","Hello? I called him, but he was out, unfortunately. Shall I tell him that you tried to get in touch with you, when he comes back?","Chào bạn? Tôi gọi anh, nhưng anh đã ra ngoài, không may. Tôi sẽ nói với anh ấy rằng bạn đã cố gắng để liên lạc với bạn, khi anh ta quay lại?"
"お願いします。私の名前は鈴木花子です。日本から電話しています。念のため電話番号をお伝えします。電話番号は{0}です。","Yes, please. My name is Hanako Suzuki, calling from Japan. Please give him my phone number, just in case. The number is {0}.","Vâng làm ơn. Tên tôi là Hanako Suzuki, gọi từ Nhật Bản. Hãy cho anh ta số điện thoại của tôi, chỉ trong trường hợp. Con số này là {0}."
"承知しました。確かにお伝えいたいます。","Sure, I will send this message to Mr. Smith.","Chắc chắn, tôi sẽ gửi thông điệp này đến ông Smith."
"いらっしゃいませ /ご注文をどうぞ。","Hello / What would you like to have?","Xin chào / Những gì bạn muốn làm?"
"（メニューの写真を指差しながら） これを１つとこれを１つ下さい。","(As you point at a photo in Menu) I will have this one and this one.","(Như bạn chỉ vào một bức ảnh trong Menu), tôi sẽ có một này và điều này."
"ハンバーガー１つとコーヒーのMを１つ。","One Hamburger and a Medium Coffee please.","Một Hamburger và một cà phê vừa xin."
"ハンバーガー１つとコーヒーを１つ。","One Hamburger and a Coffee please.","Một Hamburger và một cà phê xin vui lòng."
"コーヒーにはS,M,Lの３サイズございますが、どれにいたしますか？","We have 3 sizes for coffee, Small, Medium and Large.. Which size would you like?","Chúng tôi có 3 kích thước cho cà phê, nhỏ, vừa và lớn .. Mà kích thước mà bạn muốn?"
"S をください。","Small one, please.","một nhỏ, vui lòng."
"コーヒーのSとMを１つずつ下さい。 （=コーヒーを２つ下さい。１つはS,もう１つはMで。）","2 Coffee's Please. One is Small and the other is a Medium.","2 Cà phê Please. Một là nhỏ và người kia là một trung."
"(コーヒーには)ショート、トール、グランデの３サイズございますが、どれになさいますか？","We have 3 sizes, Short, Tall and Grande. Which size would you like?","Chúng tôi có 3 kích cỡ, ngắn, Cao và Grande. Những kích thước mà bạn muốn?"
"トールを下さい。","Tall one please.","một Tall xin vui lòng."
"ハンバーガー１つとポテトのSを１つ。以上でよろしいでしょうか。","One hamburger and one small French Fry Anything else?","Một chiếc bánh hamburger và một nhỏ Pháp Fry Bất cứ điều gì khác?"
"はい、それで全部です。","That's all.","Đó là tất cả."
"こちらでお召し上がりですか？お持ち帰りですか？ （北米英語圏での言い方））","For here, or to go /takeout / (or to go)","Vì ở đây, hoặc để đi / takeout / (hoặc đi)"
"こちらでお召し上がりですか？お持ち帰りですか？ (イギリス、オーストラリア、ニュージーランドでの言い方）","Eat in or take away? [ UK, Australia, New Zealand ]","Ăn hoặc mang đi? [Anh, Úc, New Zealand]"
"こちらで。","For here please.","Vì ở đây xin vui lòng."
"持ちかえりで。","To go please.","Để đi xin."
"{0}ドル{1}（セント）です。","${0}.{1}","$ {0}. {1}"
"ありがとうございました。","Thank you very much.","Cảm ơn nhiều."
"セットメニューはありますか？","Do you have any combo's","Bạn có bất cứ combo"
"はい、ございます。こちらがセットメニューです。（メニューを指差しながら。）","Yes, we have these combos. [pointing at the menu]","Có, chúng tôi có những combo. [Chỉ vào menu]"
"はい、ございます。こちらのセットメニューがハンバーガー、お飲み物、そしてサラダまたはフライドポテトのセットとなります。","Yes. This is a combo. This combo includes a Hamburger, a Drink, a Salad or French fries.","Vâng. Đây là một combo. combo này bao gồm một Hamburger, một đồ uống, một salad hoặc khoai tây chiên kiểu Pháp."
"はい、ございます。こちらがセットメニューです。サラダまたはフライドポテトのどちらかをお選び頂けます。 どちらになさいますか？","Yes, This is a combo. You can select a salad or a French Fries. Which would you like to have?","Vâng, Đây là một combo. Bạn có thể chọn một salad hoặc khoai tây chiên. Mà bạn muốn có?"
"お飲み物はオレンジジュース、炭酸水、コーヒーまたは紅茶がございます。 どれになさいますか？","We have juices, soda(pop)","Chúng tôi có các loại nước ép, soda (pop)"
"セットAをコーラのLで。","I will have a Combo A with a large coke.","Tôi sẽ có một Combo A với một cốc lớn."
"申し訳ございません。このセットにLサイズのお飲み物はつきません。Mサイズのみです。","Sorry, large drink doesn't come with this combo. You can select only a medium sized drink for this combo.","Xin lỗi, uống lớn không đi kèm với combo này. Bạn có thể lựa chọn chỉ có một thức uống vừa cho combo này."
"セットBをポテトのSとアイスコーヒーとで。","I will have Combo B with a small order of French fries and an iced coffee?","Tôi sẽ có Combo B với một đơn đặt hàng nhỏ của khoai tây chiên kiểu Pháp và một cà phê đá?"
"申し訳ございません。アイスコーヒーはご用意しておりません。 代りにコーヒーはいかがでしょうか？","Sorry, we don't have iced coffee in our menu. How about a regular coffee instead? : )","Xin lỗi, chúng tôi không có cà phê đá trong trình đơn của chúng tôi. Làm thế nào về một cà phê thường xuyên để thay thế? :)"
"番号札をお持ちになりテーブルでお待ち下さい。","Take a number and wait at your table, thanks.","Lấy số, chờ đợi tại bàn của bạn, cảm ơn."
"5番の方、お待たせしました。どうぞ。","Number 5, please. Here you are.","Số 5, xin vui lòng. Của bạn đây."
"トレイはそのままでけっこうです。こちらで片付けます。","Just leave the tray there. We'll take care of.","Chỉ cần bỏ khay đó. Chúng tôi sẽ chăm sóc."
"トレイはあちらの場所にお戻し下さい。","Please bring back the tray to that section.","Vui lòng mang lại khay để phần đó."
"コーヒーはアイスとホットがありますが、どちらになさいますか？","We have hot and iced coffee. Which do you prefer?","Chúng tôi có cà phê nóng và đá. Mà bạn thích?"
"ホットをお願いします。","Hot coffee, please.","Cà phê nóng, xin vui lòng."
"エントランスで","At reception / entrance","Tại lễ tân / lối vào"
"開いてますか？（今、営業中ですか？）","Are you open ?","Bạn mở?"
"こんばんは、いらっしゃいませ。 何名様で？","Good evening. How many?","Chào buổi tối. Bao nhiêu?"
"４名です。","We are 4","Chúng tôi là 4"
"２名で座るテーブルをお願いします。","Table for 2 please.","Bảng 2 xin vui lòng."
"喫煙席、禁煙席のどちらに？","No Smoking or Smoking?","Không hút thuốc hoặc hút thuốc?"
"禁煙席をお願いします。","Nosmoking section please.","phần Nosmoking xin vui lòng."
"喫煙席をお願いします。","Smoking section please.","phần hút thuốc xin vui lòng."
"あのテーブル（席）に座っていいですか？ （指差しながら）","Can we (I) sit at that table? (pointing)","Có thể chúng ta (tôi) ngồi vào bàn mà? (Chỉ tay)"
"すみません、只今、満席なので、お待ち頂くことになります。","I am so sorry, there is no table available now. We will have to ask you to wait.","Tôi rất xin lỗi, không có bảng sẵn ngay bây giờ. Chúng tôi sẽ phải hỏi bạn phải chờ đợi."
"待ち時間はどれくらいですかね？","OK, How long wait?","OK, bao lâu chờ đợi?"
"待ち時間は30分ほどになります。","There is a waiting time of 30 minutes or so.","Có một thời gian chờ đợi 30 phút hoặc lâu hơn."
"それじゃ、、待ちます。","OK, We (I) will wait.","OK, Chúng tôi (tôi) sẽ chờ đợi."
"残念ですね。それじゃあまたにします． （残念ながら待てません。お世話をお掛けしました。）","Sorry, we(I) have no time to wait. Thank you.","Xin lỗi, chúng tôi (tôi) không có thời gian để chờ đợi. Cảm ơn bạn."
"すみません、どこに上着を掛けていいですか？","Excuse me, where can I hang my jacket?","Xin lỗi, nơi tôi có thể treo áo khoác của tôi?"
"上着を掛ける場所はこちらにあります。","We have an area where you can hang your jacket.","Chúng tôi có một khu vực nơi bạn có thể treo áo khoác của bạn."
"ラストオーダーは何時ですか？","What time is the last order?","Những gì thời gian là thứ tự cuối cùng?"
"メニューをください。（私に/ 私たちに。）","Can I have a menu? / Can we have menu’s?","Tôi có thể có một trình đơn? / Chúng ta có thể có menu?"
"決まったらお呼びしますので。","We (I) will let you know when we have decided.","Chúng tôi (tôi) sẽ cho bạn biết khi chúng tôi đã quyết định."
"お決まりになりましたらお呼びください。","Please let me know when you have decided.","Xin vui lòng cho tôi biết khi bạn đã quyết định."
"ご注文よろしいですか？（お決まりになりましたか？）","Are you ready to order?","Bạn đã sẵn sàng để đặt hàng?"
"オーダーお願いします。","Excuse me. Can you take our (my) order, please.","Xin lỗi. Bạn có thể thực hiện lệnh (của tôi) của chúng tôi, xin vui lòng."
"お飲み物は何にいたしましょうか？","What would you like to drink?","Bạn muốn uống gì?"
"ビールを２つ。","2 beers","2 loại bia"
"グラスワイン１つとビール１つ。","A glass of white wine and a beer.","Một ly rượu vang trắng và một ly bia."
"どのビールになさいますか？","What kind of beer?","Những loại bia?"
"輸入ビールと国産ビールのどちらに？","Imported or domestic?","Nhập khẩu hay trong nước?"
"白（赤）ワインをボトルで１本。","We will have a bottle of white(red) wine.","Chúng tôi sẽ có một chai màu trắng (màu đỏ) rượu."
"これ下さい。 (メニュー内の料理名を指差しながら）","I will have this. (From pointing at an entree in the menu)","Tôi sẽ có này. (Từ chỉ vào một món ăn đầu trong menu)"
"今日のスペシャルメーニューはありますか？","Do you have any specials of the day?","Bạn có bất kỳ đặc biệt trong ngày không?"
"はい、ございます。こちらの３品が今日のスペシャルメーニューです。 （メニュー内を指差しながら）","Yes, we have three specials. Here. (pointing to a section in the Menu)","Có, chúng tôi có ba đặc biệt. Đây. (Chỉ vào một phần trong Menu)"
"それじゃあ、これをください。","OK, I will have this one.","OK, tôi sẽ có một này."
"おすすめはどの料理ですか？","Which one do you recommend?","Mà một trong những bạn đề nghị?"
"ベジタリアン料理はありますか？","Do you have any vegetarian dishes?","Bạn có bất cứ món ăn chay?"
"牛肉料理が食べたいんですけど、メニューにありますか？","I’d like to have beef. Do you have any in your menu?","Tôi muốn có thịt bò. Bạn có bất kỳ trong menu của bạn?"
"豚肉料理が食べたいんですけど、メニューにありますか？","I’d like to have pork. Do you have any in your menu?","Tôi muốn có thịt lợn. Bạn có bất kỳ trong menu của bạn?"
"鶏肉料理が食べたいんですけど、メニューにありますか？","I’d like to have chicken. Do you have any in your menu?","Tôi muốn có con gà. Bạn có bất kỳ trong menu của bạn?"
"野菜料理が食べたいんですけど、メニューにありますか？","I’d like to have vegetable. Do you have any in your menu?","Tôi muốn có rau. Bạn có bất kỳ trong menu của bạn?"
"調理した魚料理が食べたいんですけど、メニューにありますか？","I’d like to have a cooked fish. Do you have any in your menu?","Tôi muốn có một con cá nấu chín. Bạn có bất kỳ trong menu của bạn?"
"生の魚料理が食べたいんですけど、メニューにありますか？","I’d like to have a raw fish. Do you have any in your menu?","Tôi muốn có một con cá sống. Bạn có bất kỳ trong menu của bạn?"
"サラダが食べたいんですけど、メニューにありますか？","I’d like to have a salad. Do you have any in your menu?","Tôi muốn có một món salad. Bạn có bất kỳ trong menu của bạn?"
"はい、ございます．こちらが牛肉料理です。 （メニューを指差しながら）","Yes, we have. These here are beef. (pointing a section in the Menu)","Vâng chúng tôi có. Những ở đây là thịt bò. (Chỉ một phần trong Menu)"
"甘い（味付け）ですか？","Is it sweet?","Là nó ngọt ngào?"
"辛いですか？","Is it spicy?","Có cay?"
"酸っぱいですか？","Is it sour?","Có chua?"
"塩味ですか？","Is it salty taste?","Có vị mặn?"
"揚げ物ですか？","Is it fried in oil?","Có chiên trong dầu?"
"蒸し物ですか？","Is it steamed?","Có hấp?"
"炒め物ですか？","Is it fried?","Có chiên?"
"煮物ですか？","Is it cooked?","Có phải nấu chín?"
"生ですか？","Is it raw","Có nguyên"
"分かりました。それじゃあ、これとコーヒーを１つ。","OK, I will have this and a cup of coffee.","OK, tôi sẽ có điều này và một tách cà phê."
"コーヒーはいつお持ちしましょう？食前ですか？食後ですか？","When would you like to have your coffee.Before the meal? Or after the meal?","Khi bạn muốn có coffee.Before bạn bữa ăn? Hoặc sau bữa ăn?"
"食後にお願いします。","After the meal, please.","Sau bữa ăn, xin vui lòng."
"こちらお下げしてよろしいですか？ (接客係が空になった皿を下げていいか聞く）","finished? (Waiter asking if you are finished eating the dish and if it is OK to take the dish away)","đã kết thúc? (Waiter yêu cầu nếu bạn ăn xong các món ăn và nếu nó là OK để có những món ăn xa)"
"勘定お願いします。","Check (Cheque) please.","Kiểm tra (Séc) xin vui lòng."
"クレジットカードで支払えますか？","Can I pay by credit card?","Tôi có thể trả bằng thẻ tín dụng?"
"はい、（カードでのお支払を）承っております。","Certainly.","Chắc chắn."
"すみません、カードでのお支払は承っておりません。","Sorry, we don’t accept payments by credit card.","Xin lỗi, chúng tôi không chấp nhận thanh toán bằng thẻ tín dụng."
"分かりました。現金で払います。","OK, I will pay by cash.","OK, tôi sẽ trả bằng tiền mặt."
"レシート（領収書）を下さい。","Please give me a receipt.","Vui lòng đưa tôi phiếu biên lai."
"（市場で）野菜・果物を買う","Buying vegetables or fruits","Mua rau hoặc trái cây"
"トマトを５コ、買いたいのですが。","I would like to buy 5 tomatoes.","Tôi muốn mua 5 quả cà chua."
"リンゴを{0}ポンド(キロ）下さい。","I would like {0} pounds(kg) of apples.","Tôi muốn {0} pound (kg) của quả táo."
"これを５コ下さい。 （名前の分からない果物を指差しながら）","This for 5 please. (By pointing at fruit that you don't know the name.)","Điều này cho 5 xin vui lòng. (Bằng cách chỉ vào trái cây mà bạn không biết tên.)"
"それはばら売りしていますか？","Do you sell those in bulk?","Bạn có bán những số lượng lớn?"
"これはポンド（キロ）売りですか？","Do you sell these by the pound (kg)?","Bạn có bán những bằng đồng bảng Anh (kg)?"
"デリで総菜を買う","Buying food at a Delicatessen","Mua thực phẩm ở một Món ăn ngon"
"{0}はありますか？","Do you have {0}?","Bạn có {0}?"
"豆腐製品はありますか？","Do you have Tofu products?","Bạn có sản phẩm đậu phụ?"
"{0} を{1}つ下さい。（もらえますか？）","Can I have {0} for {1}?","Tôi có thể có {0} cho {1}?"
"これを3つ下さい。  これを３つですか？  いいえ、その（店員から見て）左横/左側にあるのです。 これですか？  いいえ、その（店員から見て）前/奥にあるのです。","I will take this for 3.  This is for 3?  No, the one on the left/right side of you.  This?  No, the one in front/back of you.","Tôi sẽ thực hiện việc này cho 3. Đây là 3? Không, một ở phía bên trái / phải của bạn. Điều này? Không, một ở phía trước / sau của bạn."
"このサラダを下さい。（量は）小/中/大サイズの容器で下さい。","I will have a salad in a small/medium/large container.","Tôi sẽ có một món salad trong một / vừa / container lớn nhỏ."
"このピクルスを{0}グラム/オンス下さい。 （指差しながら）","These pickles please, {0} grams/ounces. (pointing with finger)","Những dưa chua xin vui lòng, {0} gram / ounce. (Chỉ với ngón tay)"
"このチーズを{0}グラム下さい。（指差しながら）","This cheese please, {0} grams.","pho mát này xin vui lòng, {0} gram."
"このキッシュを２つ下さい。","This quiche for 2, please.","khoái khẩu này cho 2, xin vui lòng."
"このハムを２，３枚下さい。パンに挟んで下さい。  パンはどれにしますか？  どんな種類のパンがありますか？     などがありますが。  じゃあ、一番目に言ったパンをお願いします。","Can I have 2 or 3 slices of ham with bread, please?  What type of bread would you like?  What bread do you have?  We have .......  OK, I will take the first bread you mentioned.","Tôi có thể có 2 hoặc 3 lát giăm bông với bánh mì, xin vui lòng? Bạn thích loại bánh mì? bạn có bánh gì? Chúng tôi có ....... OK, tôi sẽ lấy bánh mì đầu tiên bạn đề cập."
"温めてもらえますか？","Will you warm it up for me?","bạn sẽ làm ấm nó lên cho tôi?"
"賞味期限はいつですか？","When is the 'use by date'?","Khi nào là 'sử dụng theo ngày'?"
"これ(ら)は今日中に食べた方が良いですか？","Should I eat them today?","Tôi có nên ăn chúng ngày hôm nay?"
"これは数日間もちますか？","Fresh for a few days?","Fresh cho một vài ngày?"
"どれくらいもちますか？","How long will it be fresh?","Làm thế nào lâu nó sẽ được tươi?"
"冷蔵庫で保管した方が良いですか。","Do I need to keep them in fridge?","Tôi có cần phải giữ chúng trong tủ lạnh?"
"(肉屋で）肉を買う","Buying meat","thịt mua"
"このベーコンを{0}オンス下さい。（指差しながら）","I will take this bacon, {0} ounces please.","Tôi sẽ lấy thịt xông khói này, {0} ounce xin vui lòng."
"このハムを{0}オンス下さい。スライスして下さい。","I will take this ham, {0} ounces, please. I'd like it sliced.","Tôi sẽ mất ham này, {0} ounce, xin vui lòng. Tôi muốn nó cắt lát."
"スペアリブを{0}ポンド下さい。","I will take these Pork spareribs, {0} pounds please.","Tôi sẽ có những sườn lợn thịt lợn, {0} pounds xin vui lòng."
"このソーセージを５本下さい。","I will take these sausages, for 5 please.","Tôi sẽ có những xúc xích, cho 5 xin vui lòng."
"豚ヒレ肉を{0}枚下さい。","I will take these Pork fillets, {0}(pieces) please.","Tôi sẽ có những phi lê thịt lợn, {0} (miếng) xin vui lòng."
"豚のひき肉はありますか？","Do you have minced pork?","Bạn đã băm nhỏ thịt lợn?"
"この牛肉を３枚下さい。","I will take this beef, 3 (slices) please.","Tôi sẽ lấy thịt bò này, 3 (lát) xin vui lòng."
"鶏のムネ肉を１つ下さい。","I will take this Chicken breast for one please.","Tôi sẽ mất Ức gà này cho một vui lòng."
"(魚屋で）魚介類を買う","Buying seafood]","Mua hải sản]"
"ムール貝を{0}ポンド下さい。","{0} pounds of mussels please.","{0} pound trai xin vui lòng."
"ロブスターを１匹下さい。","One lobster please.","Một con tôm hùm xin vui lòng."
"このシャケの切り身を３枚下さい。","I take this salmon, 3 (slices) please.","Tôi lấy cá hồi này, 3 (lát) xin vui lòng."
"この魚はスシにして食べられますか？","Is this fish good for Sushi? Is this fish fresh enough to eat as Sushi?","Là cá này tốt cho Sushi? Là cá này đủ tươi để ăn như sushi?"
"この貝は生で食べれますか？","Can I eat this shellfish raw?","Tôi có thể ăn sò ốc sống này?"
"小エビを{0}ポンド下さい。","{0}pounds of shrimp please.","{0} pound tôm xin vui lòng."
"ケーキを買う","Buying sweets(desserts)","Mua đồ ngọt (món tráng miệng)"
"このケーキを３つ下さい。","I will take this cake, 3 pieces please.","Tôi sẽ lấy chiếc bánh này, 3 miếng hài lòng."
"１時間用の保冷剤(ドライアイス）を入れてもらえますか？","Do you include cooler(dried ice) to keep it cold for 1 hour?","Bạn có bao gồm mát (đá khô) được bảo quản lạnh trong 1 giờ?"
"クッキーを５枚下さい。","5 cookies please.","5 cookie hài lòng."
"シナモンロールを２つ下さい。","2 cinnamon rolls please.","2 cuộn quế hài lòng."
"その他","Others","Loại khác"
"～を探してます。どこにありますか？","I am looking for {0}. Where is it?","Tôi đang tìm kiếm cho {0}. Nó đâu rồi?"
"この牛乳、賞味期限はどこに書いてありますか？","Where is the 'usedby date' printed on this milk carton?","Đâu là "ngày usedby 'in trên thùng carton sữa này?"
"空き瓶の返却はどこですか？","Where can I return bottle empties.","Tôi có thể trả lại chai lọ thủy tinh chai đâu."
"飲料水の販売機の使用方法が分かりません。使い方を教えてもらえますか。","I don't know how to use the water vending machine. Will you show me how to buy water from this machine?","Tôi không biết làm thế nào để sử dụng các máy bán hàng tự động nước. Bạn sẽ chỉ cho tôi làm thế nào để mua nước từ máy tính này?"
"いらっしゃいませ。何かお探しですか。","Hello. How may I help you?","Chào bạn. Tôi có thể giúp gì cho bạn?"
"いいえ、ちょっと見ているだけですので。","Just looking, thanks.","Chỉ cần tìm, cảm ơn."
"はい、～を探しています。ありますか？","Yes. I am looking for {0} . Do you have them?","Vâng. Tôi đang tìm kiếm cho {0}. Bạn có chúng?"
"それなら、こちらにございます。場所をご案内します。","Yes, we have. Follow me. I will show you.","Vâng chúng tôi có. Theo tôi. Em sẽ cho anh xem."
"申し訳ございません。只今、在庫切れです。入荷まで数日掛かってしまいます。","I am sorry, they are out of stock. It will take a few days before we have it in the store.","Tôi xin lỗi, họ được ra khỏi cổ phiếu. Nó sẽ mất một vài ngày trước khi chúng tôi có nó trong cửa hàng."
"申し訳ございません。それは取り扱っておりません。","I am sorry, we don't carry them.","Tôi xin lỗi, chúng tôi không thực hiện chúng."
"お役に立てず、申し訳ございません。","I am sorry, we can't help you..","Tôi xin lỗi, chúng tôi không thể giúp bạn .."
"すみません、ちょっとお願いできますか？ （手助けしてもらえますか？）","Excuse me, Could you help me?","Xin lỗi, bạn có thể giúp tôi?"
"はい、どうぞ。何でしょうか。","Sure. How may I help you?","Chắc chắn. Tôi có thể giúp gì cho bạn?"
"ウインドウに飾ってあるものがほしいのですが。","I'd like the one in the window.","Tôi muốn một trong các cửa sổ."
"あのショーケースにあるものがほしいのですが。","I'd like the one in that showcase.","Tôi muốn một trong showcase đó."
"あちらの商品棚にあるものがほしいのですが。","I'd like the one on the shelf over there.","Tôi muốn một trên kệ ở đó."
"分かりました。今、お取りします。","OK, I will get it for you.","OK, tôi sẽ nhận được điều đó cho bạn."
"どれになりますか？","Which one?","Cái nào?"
"右から2番目奥にあるのです。","The second one in back from the right..","Điều thứ hai ở phía bên cánh phải .."
"左から3番目の手前にあるのです。","The third one in front from the left","Người thứ ba trước từ bên trái"
"こちらですか？","This one?","Cái này?"
"はい、それです。","Yes, that one.","Vâng, đó là một."
"はい、どうぞ。","Here you are.","Của bạn đây."
"こちらのご購入でよろしいですか？","Would you like to have this?","Bạn có muốn có điều này?"
"すみません、私がほしかったのとはちょっと違いました。","I am sorry. This wasn't exactly what I wanted.","Tôi xin lỗi. Đây không phải là chính xác những gì tôi muốn."
"はい、それを下さい。","Yes. I will take this.","Vâng. Tôi sẽ thực hiện việc này."
"これを試着してよろしいですか？","Can I try this on?","Tôi có thể thử cách này?"
"はい、どうぞ。試着室はこちらです。","Sure. The fitting room is over here.)","Chắc chắn. Các căn phòng phù hợp là ở đây.)"
"ちょっと大き過ぎるようです。","This is too big","Điều này là quá lớn"
"もう少し小さいサイズはありますか？","Do you have this in a smaller size?","Bạn có điều này trong một kích thước nhỏ hơn?"
"ちょっと小さ過ぎるようです。","This is much too small.","Đây là quá nhỏ."
"もう少し大きいサイズはありますか？","Do you have this in bigger size?","Do đó ta có kích thước lớn hơn?"
"サイズはおいくつですか？","What is your size?","kích thước của bạn là gì?"
"私のサイズは{0}です。","My size is {0}.","Kích thước của tôi là {0}."
"旅行者なので、この国のサイズ基準が分かりません。","I don't know my size in this country's standard, as I am a traveler.","Tôi không biết kích thước của tôi trong tiêu chuẩn của quốc gia này, như tôi là một du khách."
"私に合いそうなサイズのものを選んでもらえませんか？","Would you find the one that fits my size?","bạn sẽ tìm thấy một trong đó phù hợp với kích thước của tôi?"
"これはいかがでしょうか。","How about this one?","Làm thế nào về việc này?"
"このサイズはピッタリです。これにします。","This fits my size. OK, I will take this.","Điều này phù hợp với kích thước của tôi. OK, tôi sẽ thực hiện việc này."
"このサイズは合いません。","This size doesn't fit me.","Kích thước này không phù hợp với tôi."
"残念ですが、またにします。","I am sorry. I will come back later.","Tôi xin lỗi. Tôi se quay lại sau."
"すみません、決められないのでまたにします。","I am sorry. I can't make a decision today.","Tôi xin lỗi. Tôi không thể đưa ra quyết định ngày hôm nay."
"分かりました。またの機会に。","OK, bye.","Được rồi tạm biệt."
"{0}ドルです。","{0} dollar, please.","{0} đô la, xin vui lòng."
"クレジットカードで支払えますか？","Can I pay by credit card?","Tôi có thể trả bằng thẻ tín dụng?"
"どこのカードですか？","What credit card do you have?","bạn có thẻ tín dụng gì?"
"Visaカードです。","Visa.","Thị thực."
"Visaカードでしたら承ります。","We accept Visa and yes you can pay by credit card.","Chúng tôi chấp nhận Visa và có bạn có thể trả bằng thẻ tín dụng."
"すみません、カードでのお支払はお受けしておりません。","I am sorry, but we don't accept credit cards.","Tôi xin lỗi, nhưng chúng tôi không chấp nhận thẻ tín dụng."
"分かりました。現金で支払います。","OK, I will pay by cash.","OK, tôi sẽ trả bằng tiền mặt."
"これを別々に包んでもらえますか？","Could you wrap this separately, please?","bạn có thể bọc này một cách riêng, xin vui lòng?"
"プレゼント用に包んでもらえますか？","Could you giftwrap this please?","Ông có thể giftwrap này xin vui lòng?"
"お土産用なので紙袋/プラスチック袋をもう一枚余分にもらえますか？","Can I have one more extra paper/plastic bag? This is for a souvenir.","Tôi có thể có một thêm nhiều giấy / túi nhựa? Đây là một món quà lưu niệm."
"バーゲンセールはいつからですか？","When does the sale start?","Khi nào bán bắt đầu?"
"只今、バーゲンセール中です。","We are having a sale now.","Chúng tôi đang có bán tại."
"こちらはセール品です。","These are on sale.","Đây là bán."
"値引きしていただけますか？","Can you give me a discount?","Bạn có thể cho tôi một giảm giá?"
"こちらは既に値引きして販売しています。","We are selling these at discount prices already.","Chúng tôi đang bán các mức giá chiết khấu rồi."
"薬局で市販薬品を買う","Buying Overthecounter drugs at a pharmacy.","Mua thuốc Overthecounter tại một hiệu thuốc."
"下痢止めの薬はありますか？ （下痢＝ダイアゥリーア）","Do you have medicine for diarrhea?","Bạn đã có thuốc trị tiêu chảy?"
"便秘薬はありますか？ （便秘＝コンスティペイション）","Do you have medicine for constipation?","Bạn đã có thuốc cho táo bón?"
"風邪薬はありますか？","Do you have medicine for a cold?","Bạn đã có thuốc cho cảm lạnh?"
"頭痛薬はありますか？ (頭痛＝ヘデック）","Do you have medicine for headache?","Bạn đã có thuốc cho đau đầu?"
"胃痛薬はありますか？ （胃I痛＝ストマケイク）","Do you have medicine for stomachache?","Bạn đã có thuốc cho bệnh đau dạ dày?"
"むねやけ止めの薬はありますか？ （むねやけ＝ハートバーン）","Do you have medicine for heartburn?","Bạn đã có thuốc cho chứng ợ nóng?"
"解熱薬はありますか？","Do you have medicine for a temperature?","Bạn đã có thuốc cho một nhiệt độ?"
"吐き気を止める薬はありますか？ （吐き気＝ノーシャス）","Do you have medicine for nausea?","Bạn đã có thuốc cho buồn nôn?"
"歯痛を止める薬はありますか？ （歯痛＝トゥースィック）","Do you have medicine for a toothache?","Bạn đã có thuốc cho đau răng?"
"痔に効く薬はありますか？ （痔＝ヘモ ゥロイド）","Do you have medicine for hemorrhoids?","Bạn đã có thuốc cho bệnh trĩ?"
"～の薬はありますか？","Do you have medicine for {0}?","Bạn đã có thuốc cho {0}?"
"その薬の購入には処方箋が必要です。","You need a prescription to buy the medicine.","Bạn cần một toa thuốc để mua thuốc."
"はい、ございます。これが～の薬です。","Yes. This is medicine for {0}.","Vâng. Đây là phương thuốc cho {0}."
"どれがお勧めですか？","Which one do you recommend for me?","Mà một trong những bạn đề nghị cho tôi?"
"軽い症状ですか？重い症状ですか？","What is the condition of your illness. Is it serious? Or just a light illness?","Điều gì là tình trạng bệnh của bạn. Có nghiêm trọng không? Hay chỉ là một bệnh nhẹ?"
"軽いのならこちらがお勧めです。","If it is not so serious, this medicine would be of help.","Nếu nó không phải là quá nghiêm trọng, thuốc này sẽ được giúp đỡ."
"重いならこの薬がお勧めです。ただし、効き目が強いので使用方法を守って服用するよう、注意してください。","If it is serious, this medicine would be of help. However, you should read the introduction carefully and follow the recommendations.","Nếu nó là nghiêm trọng, thuốc này sẽ được giúp đỡ. Tuy nhiên, bạn nên đọc giới thiệu một cách cẩn thận và làm theo các khuyến nghị."
"それではこれを下さい。","OK, I will take this.","OK, tôi sẽ thực hiện việc này."
"この処方箋の薬を下さい。","Could you fill this prescription, please?","bạn có thể điền vào đơn thuốc này, xin vui lòng?"
"はい、分かりました。 今、薬をご用意しますので、お待ち下さい。","Sure. Please wait. I will get ready for you.","Chắc chắn. Xin vui lòng chờ. Tôi sẽ sẵn sàng cho bạn."
"どのように飲むのですか？","How do I take this?","Làm thế nào để thực hiện việc này?"
"1日3回、食後に服用してください。1回に１錠服用してください。","You should take it 3 times a day, after meals. Take only 1 tablet at one time.","Bạn nên dùng nó 3 lần một ngày, sau bữa ăn. Hãy chỉ 1 viên cùng một lúc."
"1日1回、食前に服用してください。1回に2錠服用してください。","You should take it 1 time a day, before meals. Take 2 tablets at one time.","Bạn nên dùng nó 1 thời gian một ngày, trước bữa ăn. Uống 2 viên một lúc."
"服用方法はここに書いてあります。 （指差しながら）","The explanation of how to take this medicine is written here. (pointing by finger)","Các giải thích về cách uống thuốc này được viết ở đây. (Chỉ bằng ngón tay)"
"念の為、服用方法をここに書いて下さい。 （このサンプルを見せながら ↓）","Would you please write down here how I should take this medicine just in case I forget your advice.","bạn sẽ vui lòng viết ra ở đây thế nào tôi nên dùng thuốc này chỉ trong trường hợp tôi quên lời khuyên của bạn."
"かゆみ止めの塗り薬はありますか？","Do you have an ointment for itching?","Bạn có một thuốc mỡ cho ngứa?"
"虫除けのローションはありますか？","Do you have insectsprotection lotion?","Bạn có insectsprotection lotion?"
"目薬はありますか？","Do you have eye drops?","Bạn có thuốc nhỏ mắt?"
"バンソウコウはありますか？","Do you have plaster?","Bạn có thạch cao?"
"冷湿布/温湿布はありますか？","Do you have cold/warm compresses?","Bạn có lạnh / gạc ấm?"
"綿棒はありますか？","Do you have cotton swabs?","Bạn có gạc bông?"
"ビタミンＣ剤はありますか？(ビタミン＝ヴァイタミン）","Do you have Vitamin C?","Bạn có vitamin C?"
"ビタミンE剤はありますか？","Do you have Vitamin E?","Bạn có Vitamin E?"
"日焼け止めはありますか？","Do you have Sunprotection lotion?","Bạn có Sunprotection lotion?"
"オムツはありますか？","Do you have diapers?","Bạn có tã?"
"インスタントの離乳食はありますか？","Do you have instant baby foods?","Bạn có thực phẩm bé ngay lập tức?"
"道で","On Streets","trên đường phố"
"すみません、ちょっとお尋ねします。","Excuse me. May I ask you something?","Xin lỗi. Tôi có thể hỏi bạn một cái gì đó?"
"今、駅を探しています。駅名は{0}です。どこにありますでしょうか？","I'm looking for a train station. The name is {0} Station. Do you know where it is?","Tôi đang tìm kiếm một nhà ga xe lửa. Tên là {0} Station. Bạn có biết nó ở đâu không?"
"今、地下鉄の駅を探しています。駅名は{0}です。どこにありますでしょうか？","I'm looking for a subway station. The name is {0} station. Do you know where it is?","Tôi đang tìm kiếm một nhà ga tàu điện ngầm. Tên là {0} ga. Bạn có biết nó ở đâu không?"
"今、バス停を探しています。{0}行きのバスでバス停名は{1}です。どこにありますでしょうか？","I'm looking for a bus stop. The bus is for {0} and the name of the bus stop is {1} . Do you know where it is?","Tôi đang tìm kiếm một bến xe buýt. Xe buýt là {0} và tên của các trạm xe buýt là {1}. Bạn có biết nó ở đâu không?"
"今、{0}を探しています。どこにありますでしょうか？","I'm looking for {0}. Do you know where it is?","Tôi đang tìm kiếm cho {0}. Bạn có biết nó ở đâu không?"
"{0}に行く途中で、今、道に迷っています。","I have lost my way to {0}.","Tôi đã mất cách của tôi để {0}."
"{0}に行きたいのですが,この道で正しいですか？","I am going to {0}. Is this the right way to take?","Tôi sẽ đến {0}. Đây có phải là cách đúng đắn để có?"
"{0}に行きたいのですが,この方向で正しいですか？","I am going to {0}. Is this right direction to go?","Tôi sẽ đến {0}. Là hướng này ngay đi?"
"この地図で現在位置を教えて下さい。","Would you show me where we are now on this map?","Bạn có thể cho tôi biết nơi chúng ta đang ở trên bản đồ này?"
"この地図で私が行こうとしている場所の位置を教えて下さい。","Would you show me where my designation is on this map?","Bạn có thể cho tôi biết nơi định của tôi là trên bản đồ này?"
"ここから近いですか？","Is it near here?","Có gần đây không?"
"ここから遠いですか？","Is it far from here?","Nó có xa đây không?"
"徒歩で行けますか？","Do you think I can get there by walking?","Bạn có nghĩ rằng tôi có thể đạt được điều đó bằng cách đi bộ?"
"どれくらいかかりますか？","How long does it take to get there?","Bao lâu để đến đó?"
"この近くに交番はありますか？","Is there a Koban (Police Station) near here?","Có một Koban (Police Station) gần đây?"
"この近くに公衆電話はありますか？","Is there a public phone near here?","Có một điện thoại công cộng gần đây?"
"分かりました。有難うございました。","I see. Thank you very much.","Tôi hiểu rồi. Cảm ơn nhiều."
"とても助かりました！有難うございました！","It was great help! Thank you very much!","Nó đã giúp đỡ rất nhiều! Cảm ơn nhiều!"
"駅で","At Stations","tại Trạm"
"{0}駅までの乗車料金はいくらですか？","What's the fare for {0} Station?","giá vé cho {0} ga là gì?"
"{0}駅までの片道キップを１枚下さい。","A oneway ticket for {0} Station, please.","Một vé oneway cho {0} Station, xin vui lòng."
"{0}駅までの往復キップを１枚下さい。","A roundtrip ticket for {0} Station, please.","Một vé khứ hồi cho {0} Station, xin vui lòng."
"間違ったキップを買ってしまいました。払い戻しはできますか？","I bought the wrong ticket, do you think I could refund this?","Tôi mua vé sai, bạn có nghĩ rằng tôi có thể hoàn trả này?"
"発車時刻は何時ですか？","What time does the train leave?","Tàu rời đi lúc mấy giờ?"
"到着時刻は何時ですか？","What is the arrival time?","thời gian đến là gì?"
"{0}行きの電車はどこで乗れますか？","Where can I get the train for {0}?","Tôi có thể nhận được các tàu cho {0} ở đâu?"
"{0}番線ホームはどこですか？","Where is train line no.{0}?","Đâu là đường xe lửa không có. {0}?"
"この電車は{0}行きですか？","Is this train for {0}?","Là tàu này cho {0}?"
"この電車は{0}駅で停車しますか？","Does this train stop at {0} Station?","Xe lửa này dừng lại ở {0} ga?"
"この電車で{0}駅に行けますか？","Can I reach {0} Station by this train?","Tôi có thể đạt được {0} ga xe lửa này?"
"乗換えが必要ですか？","Do I have to change trains?","Tôi có phải thay đổi chuyến tàu không?"
"どの駅で乗り換える必要がありますか？","Which station do I change the trains at?","Những trạm để tôi thay đổi các đoàn tàu tại?"
"ここは{0}駅ですよね？","This station is {0} , is that correct?","Trạm này là {0}, là đúng?"
"間違った電車に乗ってしまいました。どうすれば{0}駅に行けますか？（もどれますか？）","I took a wrong train, how do I go back to this station {0}.?","Tôi lấy một tàu sai, làm thế nào để tôi trở lại trạm này {0}.?"
"バスに乗る","Getting on a bus","Bắt trên xe buýt"
"このバスは{0}に行きますか？","Does this bus go to {0}?","Xe buýt này đi đến {0}?"
"{0}番のバスはどこで乗れますか？","Where can I get bus No. {0} ?","Tôi có thể nhận được xe buýt số {0} ở đâu?"
"乗車賃はいくらですか？","What is the fare?","giá vé là gì?"
"乗車賃はどうやって支払えばいいのですか？","How do I pay the fare?","Làm thế nào để trả tiền vé?"
"このバス停まではあといくつバス停がありますか？","How many stops to go before this bus stop?","Làm thế nào nhiều người dừng lại để đi trước khi dừng xe buýt này?"
"次のバス停は{0}ですよね？","The next bus stop is {0} , is that correct?","Điểm dừng xe buýt tiếp theo là {0}, là đúng?"
"タクシーに乗る","Getting on a taxi","Bắt trên taxi"
"タクシー乗り場はどこですか？","Where is the Taxi stand?","Đâu là Taxi đứng?"
"どこでタクシーを拾えますか？","Where can I catch a Taxi?","Tôi có thể bắt một xe taxi ở đâu?"
"この住所までお願いします。（住所のメモを見せる）","Take me to this address, please. (showing the address)","Vui lòng đưa tôi đến địa chỉ này. (Hiển thị địa chỉ)"
"{0}までお願いします。","To {0} please.","Để {0} xin vui lòng."
"時間はどれくらいかかりますか？","How long does it take to get there?","Bao lâu để đến đó?"
"料金はどのくらいかかりますか？","What will be the fare?","Điều gì sẽ là giá vé?"
"有難うございました。お釣りはとっておいてください。","Thank you very much. Keep the change.","Cảm ơn nhiều. Hãy giữ lấy tiền thối."
"(電話でタクシーを呼ぶ）","(Calling a taxi by telephone）","(Gọi taxi bằng điện thoại)"
"タクシーの手配お願いします。 明日の午前{0}時にお願いします。 住所は{1}通り{2}番{3}です。 電話番号は{4}です。 名前は{5}です。宜しくお願い致します。","Hello, a taxi please. It's at 10:00am, tomorrow. The address is {3} Street {1} {2}. The phone number is {4}. My name is {5}. Thank you very much.","Xin chào, taxi xin vui lòng. Đó là lúc 10:00, ngày mai. Các địa chỉ là {3} phố {1} {2}. Các số điện thoại là {4}. Tên tôi là {5}. Cảm ơn nhiều."
"その他","Others","Loại khác"
"すみません、トイレがどこにあるかご存知でしょうか？","Excuse me, do you happen to know where the rest room is?","Xin lỗi, bạn có xảy ra để biết nơi mà các phòng còn lại là?"
"いらっしゃいませ。","Hello, how may I help you?","xin chào, tôi có thể giúp gì cho bạn?"
"インターネットを利用したいんですけど。","Yes, I'd like to use the Internet.","Vâng, tôi muốn sử dụng Internet."
"何時間ご利用になりますか？","How many hours would you like to use?","Bao nhiêu giờ bạn muốn sử dụng?"
"30分間利用したいんです。","I'd like 30 minutes.","Tôi muốn 30 phút."
"1時間利用したいんです。","I'd like 1 hours.","Tôi muốn 1 giờ."
"2時間利用したいんです。","I'd like 2 hours.","Tôi muốn 2 giờ."
"料金の支払い方法はどの様な形ですか？","What fee's do you charge?","Phí gì làm bạn phí?"
"料金は前払いですか？","Is it prepaid system?","Có hệ thống trả trước?"
"料金は後払いですか？","Is it a deferred payment system?","Nó là một hệ thống thanh toán chậm?"
"1時間いくらですか？","How much is it for 1 hour?","Bao nhiêu là nó trong 1 giờ?"
"料金は前払いです。料金は１時間単位となっています。３０分間でも１時間料金となります。","We have a prepaid system. It's a hourly charge. You are charged a hourly fee even if you only are online for 30 minutes.","Chúng tôi có một hệ thống trả trước. Đó là một khoản phí theo giờ. Bạn được tính phí theo giờ ngay cả khi bạn chỉ đang online trong 30 phút."
"料金は前払いです。料金は１時間ご利用で{0}ドルです。2時間では{1}ドルです。","We have prepaid system. The fee is ${0} per hour. It is ${1} for 2 hours including tax.","Chúng tôi đã trả trước hệ thống. Lệ phí là $ {0} mỗi giờ. Nó là $ {1} trong 2 giờ bao gồm cả thuế."
"料金は後払いです。ご利用後、カウンターにお越し下さい。","We charge after you use the service. Please come to the counter after you are finished using.","Chúng tôi tính sau khi bạn sử dụng dịch vụ. Hãy đến với quầy sau khi bạn đã dùng xong."
"それでは1時間利用します。","OK, I'd like the 1 hour rate.","OK, tôi muốn tốc độ 1 giờ."
"どのタイプの機種をご利用されますか？","What type of computer would you like?","Bạn muốn loại máy tính?"
"ノート型、デスクトップ型、マック機、ウェインドウズ機があります。","We have PC Notebooks and Desktops and Mac's.","Chúng tôi có máy tính xách tay và để bàn và máy Mac."
"ノート型ウインドウズ機をお願いします。","A Notebook PC with Windows, please.","Một máy tính xách tay với Windows, xin vui lòng."
"デスクトップ型をお願いします。","A Desktop PC with Windows please.","Một máy tính với Windows Desktop xin vui lòng."
"マック機をお願いします。","A Mac please.","Một Mac xin vui lòng."
"ＯＳが英語（日本語）の機種はありますか？（英語圏外の国で）","Do you have a PC with English(Japanese) OS?","Bạn có một máy tính với tiếng Anh (tiếng Nhật) hệ điều hành?"
"はい、あります。英語（日本語）のＯＳのＰＣは３台あります。","Yes. We have three computes with English(Japanese) OS.","Vâng. Chúng tôi có ba tính với tiếng Anh (tiếng Nhật) hệ điều hành."
"申し訳ございませんが、ございません。","No, we don't have.","Không, chúng tôi không có."
"はい、あります。５番のＰＣが英語（日本語）のＯＳです。","Yes. The computer No.5 is English (Japanese) OS.","Vâng. Các số 5 máy tính là tiếng Anh (tiếng Nhật) hệ điều hành."
"申し訳ございません、全てイタリア語ＯＳです。","No,. All the computers here are of Italian OS.","Không,. Tất cả các máy tính ở đây là hệ điều hành Ý."
"分かりました。それではイタリア語のＯＳでかまいません。","OK, I will use a PC with Italian OS.","OK, tôi sẽ sử dụng một máy tính với hệ điều hành Ý."
"それでは、英語版（日本語版）を利用します。","OK, I will use a PC with English OS.","OK, tôi sẽ sử dụng một máy tính với tiếng Anh hệ điều hành."
"分かりました。では、５番、７番、８番のＰＣが英語（日本語）ＯＳ機です。いずれかをご利用下さい。","OK, No. 5, 7 and 8 computers have English OS. Please use one of them.","OK, số 5, 7 và 8 máy tính có tiếng Anh hệ điều hành. Vui lòng sử dụng một trong số họ."
"支払いをお願いします。","Check please","Xin hãy kiểm tra lại"
"３時間のご利用ですね。{0}ドルになります。","3 hours use in total. ${0}. Thanks.","3 giờ sử dụng trong tổng số. $ {0}. Cảm ơn."
"有難うございました。","Thank you very much.","Cảm ơn nhiều."
"自分のノートパソコン持ちこみでネット接続したいのですが、できますでしょうか？","Can I get an Internet connection with my mobile PC?","Tôi có thể có được một kết nối Internet với máy tính di động của tôi?"
"はい。LANカードをお持ちでしたら可能です。","If you have a LAN card, yes, you can.","Nếu bạn có một card mạng LAN, có, bạn có thể."
"申し訳ございませんが、ネット回線接続のみのご利用はできません。","Unfortunately, we don't offer only Internet connection.","Thật không may, chúng tôi không chỉ cung cấp kết nối Internet."
"(私の)パソコンを立ち上げる。","boot my computer","khởi động máy tính của tôi"
"パソコンを再起動する。","reboot my computer","khởi động lại máy tính của tôi"
"パソコンを終了する。","turn off my computer","tắt máy tính của tôi"
"キーボード操作（キー入力）","Keystrokes","Tổ hợp phím"
"コピーして貼りつける(動詞）","copy and paste","sao chép và dán"
"切りとって貼りつける(動詞）","cut and paste","cắt và dán"
"元に戻す","undo","hủy bỏ"
"保存する","save","tiết kiệm"
"右（左）矢印を押す","press the right(left) arrow","nhấn bên phải (bên trái) mũi tên"
"上矢印を押す","press the up arrow","nhấn vào mũi tên lên"
"下矢印を押す","press the down arrow","nhấn vào mũi tên xuống"
"Ctrlキーを押しながら右矢印を押す","hold Ctrl key down and then press the right arrow.","giữ phím Ctrl xuống và sau đó nhấn vào mũi tên bên phải."
"マウスのポインターをそのリンクに移動して、クリックする。","place the pointer over the text and then click the mouse.","đặt con trỏ chuột trên văn bản và sau đó nhấp chuột."
"上に/ 下にスクロールする","scroll up / scroll down","di chuyển lên / xuống di chuyển"
"マウスのドラッグで範囲指定する","drag the pointer to a designated area","kéo con trỏ đến một khu vực được chỉ định"
"ドラッグ＆ドロップする（動詞）","drag and drop","kéo và thả"
"「プログラム」メニューを開き、{0}をクリック。","Open Program Menu, and Click on {0}.","Mở chương trình Menu, và Nhấp vào {0}."
"設定する","set up","thành lập"
"設定項目を設定する。","configure","cấu hình"
"ダイアロボックス内の設定項目を変更する。","change configurations in the dialog box.","thay đổi cấu hình trong hộp thoại."
"～を有効にする","enable {0}","bật {0}"
"～を無効にする","disable {0}","vô hiệu hóa {0}"
"JavaScriptを無効/有効にする","enable / disable JavaScript scripting","cho phép / vô hiệu hóa kịch bản JavaScript"
"インストール時の初期設定(値）","The default installation settings.","Các thiết lập cài đặt mặc định."
"{0}のラジオボタンを選択する。","Select {0} radio button.","Chọn {0} nút radio."
"{0}(項目名)にチェックマークを入れる","Check {0}(item name)","Kiểm tra {0} (tên sản phẩm)"
"{0}(項目名)のチェックマークを外す","Remove the check at {0}(item name)","Hủy bỏ dấu chọn tại {0} (tên sản phẩm)"
"ホームページ","Web site(s)","Web site (s)"
"パソコンをインターネットに接続する。","hook up to the Internet","treo lên đến Internet"
"（私は）インターネット環境がある","I have an Internet connection.","Tôi có một kết nối Internet."
"～にアクセスする。","have access to {0}","có quyền truy cập vào {0}"
"閲覧する","view","lượt xem"
"前ページに戻る","step back to the previous page","bước trở lại trang trước"
"次のページへ進む","step forward to the next page","bước tiếp đến trang tiếp theo"
"保存する","save","tiết kiệm"
"右（左）矢印を押す","press the right(left) arrow","nhấn bên phải (bên trái) mũi tên"
"上矢印を押す","press the up arrow","nhấn vào mũi tên lên"
"下矢印を押す","press the down arrow","nhấn vào mũi tên xuống"
"ページを更新する","refresh the page. (または） Reload the page.","làm mới trang. (ま た は) Nạp lại trang."
"ウィンドウを拡大する","enlarge the window","phóng to cửa sổ"
"ウィンドウを縮小する","reduce the window","giảm cửa sổ"
"～が表示される","{0} appears","{0} xuất hiện"
"そのページが表示される","That page appears.","trang xuất hiện."
"エラーメッセージが表示される","an error message appears.","một thông báo lỗi xuất hiện."
"表示する","display","trưng bày"
"ブラウザーでエラーが表示される","The browser displays an error message","Các trình duyệt sẽ hiển thị một thông báo lỗi"
"このページを表示して下さい。","Display this page.","Hiển thị trang này."
"そのウインドウを手前にもってきなさい。 （複数ウインドウを開いている時））","Bring the window forward (When multiple windows are open) Bring the window forward","Mở cửa sổ phía trước (Khi có nhiều cửa sổ đang mở) Mở cửa sổ phía trước"
"～にカーソルを移動する。","move the cursor over {0}","di chuyển con trỏ trên {0}"
"そのテキストにカーソルを移動する。","move the cursor over the text.","di chuyển con trỏ chuột trên văn bản."
"それをクリックして。","Click on it.","Nhấn vào nó."
"ページＡにあるリンクをクリックしてページＢにアクセスする","reach the web page B by clicking a link on the web page A.","đạt các trang web B bằng cách nhấn vào một liên kết trên trang web A."
"～にログインする","log in to {0}","đăng nhập vào {0}"
"サーチエンジンで検索する","perform a search on a Search Engine","thực hiện tìm kiếm trên Search Engine"
"キーワード {0}で検索する。","Search for the keyword phrase {0}.","Tìm kiếm các cụm từ khóa {0}."
"検索結果","Search results","Kết quả tìm kiếm"
"そのウェブページに表示されるテキストとイメージ","text and images that appear on the web page.","văn bản và hình ảnh xuất hiện trên các trang web."
"ページの行間とマージンを調整する","adjust line spacing and margins","điều chỉnh khoảng cách dòng và lề"
"ページのテキスト表示（見栄え）を変える","change the appearance of text on the page","thay đổi sự xuất hiện của văn bản trên trang"
"改行","line break(s)","ngắt dòng (s)"
"空白の行","blank line(s)","dòng trống (s)"
"行","line(s)","dòng (s)"
"スペルミス","typo(s)","typo (s)"
"HTMLのソースファイル","a source HTML file(s)","một tập tin mã nguồn HTML (s)"
"下線のある文字","Underlined text","gạch dưới văn bản"
"太文字","Bold text","Chữ in đậm"
"スタイルシートで制御されたページ","A web page controlled by Style Sheet.","Một trang web được kiểm soát bởi Style Sheet."
"容量","Space","Không gian"
"無料ホームページ（サーバー）","Free space web server.","Miễn phí không gian máy chủ web."
"パソコンがフリーズした。","My computer froze.","Máy tính của tôi bị đóng băng."
"フリーズしたパソコン（名詞）","A frozen computer.","Một máy tính đông lạnh."
"フリーズしたウインドウを閉じる","Shut down the frozen window.","Tắt cửa sổ đông lạnh."
"パソコンがフリーズしてしまいました。再起動もできません。一度、電源を落としていいですか？","My computer froze. I can't even reboot. Can I turn it off?","Máy tính của tôi bị đóng băng. Tôi thậm chí không thể khởi động lại. Tôi có thể tắt nó đi?"
"不正アクセス","Illegal access","truy cập bất hợp pháp"
"ファイヤーウォールで不正アクセスをブロックする。","block illegal access with a fire wall.","chặn truy cập bất hợp pháp với một bức tường lửa."
"パソコンの具合が変です。ウイルスに感染しているみたいです。","There's something wrong with this PC. Maybe It has a virus.","Có điều gì đó sai với máy tính này. Có lẽ nó có bị nhiễm virus."
"ウイルスをスキャンする","detect viruses on your computer.","phát hiện virus trên máy tính của bạn."
"このＰＣはウイルスに感染している。","This computer is infected with a virus.","Máy tính này bị nhiễm một loại virus."
"私のパソコンがウイルスに感染した。","I've got a virus on my PC","Tôi đã có một virus trên máy tính của tôi"
"ウイルスに感染したファイル","A file infected with a virus.","Một tập tin bị nhiễm virus."
"ウイルスが入ったファイル","A file with a virus.","Một tập tin với một virus."
"アンチウイルスソフトでウイルスを駆除する。","clean up viruses with antivirus software.","làm sạch virus với phần mềm chống virus."
"何度試してもインターネットにつながりません。","I have tried hooking up to the Internet, but I can't.","Tôi đã cố gắng hooking lên Internet, nhưng tôi không thể."
"それは、パソコンの不具合でなくＩＳＰ側での問題だと思われます。","Maybe it is not a problem on your computer. There must be a server problem at your ISP.","Có lẽ nó không phải là một vấn đề trên máy tính của bạn. Có phải là một vấn đề máy chủ ISP của bạn."
"ページが文字化けしてしまいます。エンコードしても直りません。","It displays corrupted text and it can't be fixed although I used the function "encode".","Nó hiển thị văn bản bị hỏng và nó không thể được cố định mặc dù tôi đã sử dụng chức năng "mã hóa"."
"OSが日本語でないので、しかたないのかもしれませｎ。","Maybe it can not be helped. The OS is not a Japanese one.","Có lẽ nó không thể được giúp đỡ. Các hệ điều hành không phải là một người Nhật."
"共有パソコンだから、使い終わったら（帰る前に）キャッシュと履歴をクリアにした方がいいよ。","As this is a shared computer, you'd better clear the cache and the history before you leave.","Vì đây là một máy tính dùng chung, bạn nên xóa cache và lịch sử trước khi bạn rời đi."
"履歴はどうやって削除するの？","How do I clear the history?","Làm thế nào để xóa lịch sử?"
"メニューからオプションを選択して表示されたダイアログにある「履歴をクリア」をクリックすれば削除できるよ。","Select Option from the menu, and then, click on "Clear the history" on the dialog box appeared.","Chọn Lựa chọn từ trình đơn, và sau đó, nhấp vào "Xóa lịch sử" trên hộp thoại xuất hiện."
"同じやり方でキャッシュもクリアできるよ。","You can clear cache with the same way.","Bạn có thể xóa bộ nhớ cache với cùng một cách."
